id;asignatura;tipo;pregunta;opciones;respuesta_correcta;extra
I501;Ingles;test;What can you see?;mountain|dog|pencil;mountain;
I502;Ingles;test;What place has many trees?;forest|cinema|café;forest;
I503;Ingles;cual_no_encaja;Which is NOT a place?;river|cinema|apple;apple;
I504;Ingles;test;Where do you watch films?;cinema|forest|river;cinema;
I505;Ingles;test;Where do you eat lunch?;restaurant|mountain|river;restaurant;
I506;Ingles;test;Where do you drink coffee?;café|sports centre|forest;café;
I507;Ingles;verdadero_falso;A swimming pool is for swimming;Verdadero|Falso;Verdadero;
I508;Ingles;verdadero_falso;You eat lunch in a cinema;Verdadero|Falso;Falso;
I509;Ingles;ordenar;Order the sentence;There|is|a|tower;There|is|a|tower;
I510;Ingles;completar;There ___ a river;is|are;is;
I511;Ingles;completar;There ___ two cinemas;is|are;are;
I512;Ingles;test;Benny ___ play football;does|doesn’t;does;
I513;Ingles;test;Benny ___ play tennis;does|doesn’t;doesn’t;
I514;Ingles;test;He ___ plays football;do|does;does;
I515;Ingles;verdadero_falso;He plays = affirmative;Verdadero|Falso;Verdadero;
I516;Ingles;completar;She ___ run;doesn’t|don’t;doesn’t;
I517;Ingles;test;Alicia ___ runs;doesn’t|does;does;
I518;Ingles;ordenar;Order the sentence;She|doesn’t|run;She|doesn’t|run;
I519;Ingles;test;Choose the correct form;play|plays;plays;He
I520;Ingles;test;Choose the correct form;play|plays;play;I
I521;Ingles;test;Does he play football?;Yes|No;Yes;
I522;Ingles;test;Does she run?;Yes|No;Yes;
I523;Ingles;test;Does he swim?;Yes|No;No;
I524;Ingles;verdadero_falso;Does questions use does;Verdadero|Falso;Verdadero;
I525;Ingles;listening;Listen and choose;mountain|forest|river;river;
I526;Ingles;listening;Listen and choose;cinema|café|restaurant;cinema;
I527;Ingles;guess;He swims in the…;river|pool|cinema;pool;
I528;Ingles;guess;You eat here;restaurant|forest|mountain;restaurant;
I529;Ingles;test;Green has the sound…;ee|ea;ee;
I530;Ingles;test;Read has the sound…;ee|ea;ea;
I531;Ingles;test;Which word has ee?;see|bread|head;see;
I532;Ingles;test;Which word has ea?;read|green|seat;read;
I533;Ingles;clasificar;Classify the words;;ee:green,see|ea:read,seat;
I534;Ingles;test;How do you feel scared?;afraid|happy|hungry;afraid;
I535;Ingles;test;Sad means…;triste|feliz|rápido;triste;
I536;Ingles;verdadero_falso;Afraid means asustado;Verdadero|Falso;Verdadero;
I537;Ingles;test;Choose the activity;read a comic|eat a car|drink a tree;read a comic;
I538;Ingles;test;Choose the activity;climb a tree|read a dog|play a street;climb a tree;
I539;Ingles;test;Choose the activity;do a puzzle|eat a puzzle|run a puzzle;do a puzzle;
I540;Ingles;test;Choose the activity;play a board game|play a house|play a street;play a board game;
I541;Ingles;test;Choose the activity;walk the dog|walk the book|walk the house;walk the dog;
I542;Ingles;test;Choose the activity;go to the playground|go to the shoe|go to the tree;go to the playground;
I543;Ingles;completar;He ___ plays on Monday;doesn’t|don’t;doesn’t;
I544;Ingles;completar;She ___ reads comics;does|do;does;
I545;Ingles;ordenar;Order the sentence;He|doesn’t|play|football;He|doesn’t|play|football;
I546;Ingles;ordenar;Order the sentence;I|don’t|like|comics;I|don’t|like|comics;
I547;Ingles;ordenar;Order the sentence;She|walks|the|dog;She|walks|the|dog;
I548;Ingles;test;On Saturday I go to…;the pool|school|bed;the pool;
I549;Ingles;test;On Monday I have…;English|pizza|sleep;English;
I550;Ingles;verdadero_falso;You go to school on Monday;Verdadero|Falso;Verdadero;
I551;Ingles;test;What day is after Monday?;Tuesday|Sunday|Friday;Tuesday;
I552;Ingles;test;What day is before Sunday?;Saturday|Monday|Tuesday;Saturday;
I553;Ingles;test;What are those?;books|run|play;books;
I554;Ingles;verdadero_falso;Those is plural;Verdadero|Falso;Verdadero;
I555;Ingles;test;What are they from?;Spain|eat|run;Spain;
I556;Ingles;test;What are there?;Two cinemas|Run fast|Play ball;Two cinemas;
I557;Ingles;arrastrar;Drag places to sentence;cinema|café|restaurant;cinema;
I558;Ingles;escribir;Write the address number;;17;
I559;Ingles;escribir;Write the street;;Green Street;
I560;Ingles;escribir;Write the city;;London;
I561;Ingles;escribir;Write the country;;UK;
I562;Ingles;test;Choose the correct address;17 Green Street|Green 17 Street|Street Green 17;17 Green Street;
I563;Ingles;verdadero_falso;UK is a country;Verdadero|Falso;Verdadero;
I564;Ingles;pronunciar;Say the word;mountain;;mountain;
I565;Ingles;pronunciar;Say the word;forest;;forest;
I566;Ingles;pronunciar;Say the word;cinema;;cinema;
I567;Ingles;hablar;Answer the question;Do you play football?;;Yes, I do;
I568;Ingles;hablar;Answer the question;Do you like comics?;;Yes, I do;
I569;Ingles;listening;Listen and choose;play|plays;plays;
I570;Ingles;listening;Listen and choose;does|doesn’t;doesn’t;
I571;Ingles;guess;He doesn’t play football;play|doesn’t play;doesn’t play;
I572;Ingles;guess;She runs fast;run|runs;runs;
I573;Ingles;test;Choose correct;He ___ read comics;doesn’t|don’t;doesn’t;
I574;Ingles;test;Choose correct;I ___ play games;doesn’t|don’t;don’t;
I575;Ingles;verdadero_falso;I play uses play;Verdadero|Falso;Verdadero;
I576;Ingles;verdadero_falso;He play is correct;Verdadero|Falso;Falso;
I577;Ingles;test;Choose the place;swimming pool|forest|cinema;swimming pool;
I578;Ingles;test;Where do you swim?;pool|café|mountain;pool;
I579;Ingles;test;Where is the river?;nature|cinema|house;nature;
I580;Ingles;ordenar;Order the sentence;There|are|two|cafés;There|are|two|cafés;
I581;Ingles;completar;There ___ a café;is|are;is;
I582;Ingles;completar;There ___ three rivers;is|are;are;
I583;Ingles;test;Choose ee word;green|bread|head;green;
I584;Ingles;test;Choose ea word;read|see|green;read;
I585;Ingles;listening;Listen and choose;afraid|happy|sad;afraid;
I586;Ingles;guess;She is sad;happy|sad;sad;
I587;Ingles;test;Choose feeling;afraid|eat|run;afraid;
I588;Ingles;test;Choose activity;walk the dog|drink dog|read dog;walk the dog;
I589;Ingles;test;Choose activity;go to the playground|go to the pencil|go to the book;go to the playground;
I590;Ingles;ordenar;Order the sentence;She|doesn’t|read|comics;She|doesn’t|read|comics;
I591;Ingles;ordenar;Order the sentence;He|plays|board|games;He|plays|board|games;
I592;Ingles;verdadero_falso;Board games are activities;Verdadero|Falso;Verdadero;
I593;Ingles;test;Does he go to the pool?;Yes|No;Yes;
I594;Ingles;test;Does she read comics?;Yes|No;No;
I595;Ingles;listening;Listen and choose;Monday|Saturday|Sunday;Saturday;
I596;Ingles;test;Saturday is…;weekend|weekday|month;weekend;
I597;Ingles;test;Monday is…;weekday|weekend|holiday;weekday;
I598;Ingles;verdadero_falso;Saturday is a school day;Verdadero|Falso;Falso;
I599;Ingles;test;Choose plural question;What are those?|What is that?|What are this?;What are those?;
I600;Ingles;test;Choose correct;Those ___ books;are|is;are;
I601;Ingles;test;Choose correct;There ___ books;are|is;are;
I602;Ingles;test;Choose correct;There ___ a tower;is|are;is;
I603;Ingles;listening;Listen and choose;tower|river|forest;tower;
I604;Ingles;guess;You see films here;cinema|café|forest;cinema;
I605;Ingles;test;Choose place;mountain|pencil|apple;mountain;
I606;Ingles;pronunciar;Say the word;restaurant;;restaurant;
I607;Ingles;pronunciar;Say the word;café;;café;
I608;Ingles;hablar;Answer;Do you like pizza?;;Yes, I do;
I609;Ingles;hablar;Answer;Do you go to the pool?;;Yes, I do;
I610;Ingles;escribir;Write the country;;UK;
I611;Ingles;escribir;Write the city;;London;
I612;Ingles;escribir;Write the street;;Green Street;
I613;Ingles;verdadero_falso;Addresses have number and street;Verdadero|Falso;Verdadero;
I614;Ingles;test;Choose correct address;17 Green Street, London, UK|Green 17 London|UK Street 17;17 Green Street, London, UK;
I615;Ingles;test;Choose sentence;He doesn’t play|He don’t play|He no play;He doesn’t play;
I616;Ingles;test;Choose sentence;She plays football|She play football|She playing football;She plays football;
I617;Ingles;verdadero_falso;Does goes with he/she;Verdadero|Falso;Verdadero;
I618;Ingles;test;Does he read?;Yes|No;Yes;
I619;Ingles;test;Does she swim?;Yes|No;No;
I620;Ingles;ordenar;Order the sentence;He|doesn’t|like|comics;He|doesn’t|like|comics;
I621;Ingles;test;What can you see in nature?;mountain|cinema|café;mountain;
I622;Ingles;test;Where is the forest?;countryside|cinema|restaurant;countryside;
I623;Ingles;cual_no_encaja;Which is NOT nature?;river|forest|cinema;cinema;
I624;Ingles;test;Where do people swim?;swimming pool|cinema|mountain;swimming pool;
I625;Ingles;verdadero_falso;A river is in the countryside;Verdadero|Falso;Verdadero;
I626;Ingles;verdadero_falso;You swim in a restaurant;Verdadero|Falso;Falso;
I627;Ingles;ordenar;Order the sentence;There|is|a|cinema;There|is|a|cinema;
I628;Ingles;ordenar;Order the sentence;There|are|two|rivers;There|are|two|rivers;
I629;Ingles;completar;There ___ a forest;is|are;is;
I630;Ingles;completar;There ___ three cafés;is|are;are;
I631;Ingles;test;He ___ play board games;does|doesn’t;does;
I632;Ingles;test;She ___ read comics;does|doesn’t;doesn’t;
I633;Ingles;test;Choose correct;He ___ plays chess;does|do;does;
I634;Ingles;test;Choose correct;I ___ play chess;does|do;do;
I635;Ingles;verdadero_falso;He plays is correct;Verdadero|Falso;Verdadero;
I636;Ingles;verdadero_falso;She play is correct;Verdadero|Falso;Falso;
I637;Ingles;ordenar;Order the sentence;He|plays|football;He|plays|football;
I638;Ingles;ordenar;Order the sentence;She|doesn’t|swim;She|doesn’t|swim;
I639;Ingles;test;Does he play football?;Yes|No;Yes;
I640;Ingles;test;Does she read comics?;Yes|No;No;
I641;Ingles;test;Does he go to the cinema?;Yes|No;Yes;
I642;Ingles;verdadero_falso;Does is for he/she;Verdadero|Falso;Verdadero;
I643;Ingles;listening;Listen and choose;forest|river|cinema;forest;
I644;Ingles;listening;Listen and choose;plays|play;plays;
I645;Ingles;guess;You can watch films here;cinema|café|forest;cinema;
I646;Ingles;guess;You have lunch here;restaurant|river|mountain;restaurant;
I647;Ingles;test;Which word has ee?;green|bread|head;green;
I648;Ingles;test;Which word has ea?;read|see|tree;read;
I649;Ingles;test;Seat has the sound…;ea|ee;ea;
I650;Ingles;clasificar;Classify the words;;ee:see,green|ea:read,seat;
I651;Ingles;test;Afraid means…;asustado|feliz|cansado;asustado;
I652;Ingles;test;Sad means…;triste|rápido|grande;triste;
I653;Ingles;verdadero_falso;Sad is a feeling;Verdadero|Falso;Verdadero;
I654;Ingles;test;Choose the feeling;afraid|run|eat;afraid;
I655;Ingles;test;Choose the activity;read a comic|read a car|read a tree;read a comic;
I656;Ingles;test;Choose the activity;do a puzzle|do a dog|do a chair;do a puzzle;
I657;Ingles;test;Choose the activity;play a board game|play a street|play a book;play a board game;
I658;Ingles;test;Choose the activity;walk the dog|walk the car|walk the house;walk the dog;
I659;Ingles;test;Choose the activity;go to the playground|go to the pen|go to the bag;go to the playground;
I660;Ingles;ordenar;Order the sentence;I|play|board|games;I|play|board|games;
I661;Ingles;ordenar;Order the sentence;She|walks|the|dog;She|walks|the|dog;
I662;Ingles;completar;He ___ plays on Sunday;doesn’t|don’t;doesn’t;
I663;Ingles;completar;She ___ runs fast;does|do;does;
I664;Ingles;test;On Saturday I go to…;the pool|school|English;the pool;
I665;Ingles;test;On Monday I have…;English|cinema|park;English;
I666;Ingles;verdadero_falso;Saturday is weekend;Verdadero|Falso;Verdadero;
I667;Ingles;verdadero_falso;Monday is weekend;Verdadero|Falso;Falso;
I668;Ingles;test;What day is after Friday?;Saturday|Monday|Tuesday;Saturday;
I669;Ingles;test;What day is before Tuesday?;Monday|Sunday|Friday;Monday;
I670;Ingles;test;What are those?;dogs|run|play;dogs;
I671;Ingles;verdadero_falso;Those is plural;Verdadero|Falso;Verdadero;
I672;Ingles;test;What are they from?;UK|eat|play;UK;
I673;Ingles;test;What are there?;Two cinemas|Run fast|Play games;Two cinemas;
I674;Ingles;arrastrar;Drag places;cinema|forest|café;forest;
I675;Ingles;escribir;Write the number;;17;
I676;Ingles;escribir;Write the street;;Green Street;
I677;Ingles;escribir;Write the city;;London;
I678;Ingles;escribir;Write the country;;UK;
I679;Ingles;test;Choose correct address;17 Green Street|Green Street 71|Street Green 17;17 Green Street;
I680;Ingles;verdadero_falso;An address has city and country;Verdadero|Falso;Verdadero;
I681;Ingles;pronunciar;Say the word;river;;river;
I682;Ingles;pronunciar;Say the word;mountain;;mountain;
I683;Ingles;pronunciar;Say the word;playground;;playground;
I684;Ingles;hablar;Answer;Do you play games?;;Yes, I do;
I685;Ingles;hablar;Answer;Do you like comics?;;No, I don’t;
I686;Ingles;listening;Listen and choose;does|doesn’t;does;
I687;Ingles;listening;Listen and choose;run|runs;runs;
I688;Ingles;guess;He plays football;plays|play;plays;
I689;Ingles;guess;She doesn’t read;read|doesn’t read;doesn’t read;
I690;Ingles;test;Choose correct;He ___ swim;doesn’t|don’t;doesn’t;
I691;Ingles;test;Choose correct;I ___ like comics;doesn’t|don’t;don’t;
I692;Ingles;verdadero_falso;I don’t play is correct;Verdadero|Falso;Verdadero;
I693;Ingles;verdadero_falso;He don’t play is correct;Verdadero|Falso;Falso;
I694;Ingles;test;Where do you eat?;restaurant|river|cinema;restaurant;
I695;Ingles;test;Where do you see films?;cinema|forest|pool;cinema;
I696;Ingles;ordenar;Order the sentence;There|is|a|café;There|is|a|café;
I697;Ingles;ordenar;Order the sentence;There|are|three|pools;There|are|three|pools;
I698;Ingles;completar;There ___ a tower;is|are;is;
I699;Ingles;completar;There ___ two cinemas;is|are;are;
I700;Ingles;test;Choose ee word;see|bread|head;see;
I701;Ingles;test;Choose ea word;seat|green|tree;seat;
I702;Ingles;listening;Listen and choose;happy|sad|afraid;sad;
I703;Ingles;guess;She is afraid;happy|afraid;afraid;
I704;Ingles;test;Choose feeling;sad|run|eat;sad;
I705;Ingles;test;Choose activity;climb a tree|climb a book|climb a car;climb a tree;
I706;Ingles;test;Choose activity;go to the playground|go to the chair|go to the pen;go to the playground;
I707;Ingles;ordenar;Order the sentence;He|doesn’t|play|games;He|doesn’t|play|games;
I708;Ingles;ordenar;Order the sentence;She|plays|games;She|plays|games;
I709;Ingles;verdadero_falso;Playground is for playing;Verdadero|Falso;Verdadero;
I710;Ingles;test;Does he go to the pool?;Yes|No;No;
I711;Ingles;test;Does she play chess?;Yes|No;Yes;
I712;Ingles;listening;Listen and choose;Saturday|Monday|Tuesday;Monday;
I713;Ingles;test;Monday is a…;weekday|weekend|holiday;weekday;
I714;Ingles;test;Sunday is a…;weekend|weekday|month;weekend;
I715;Ingles;verdadero_falso;Sunday is school day;Verdadero|Falso;Falso;
I716;Ingles;test;Choose plural question;What are those?|What is that?|What are this?;What are those?;
I717;Ingles;test;Choose correct;Those ___ dogs;are|is;are;
I718;Ingles;test;Choose correct;There ___ dogs;are|is;are;
I719;Ingles;test;Choose correct;There ___ a river;is|are;is;
I720;Ingles;listening;Listen and choose;river|forest|cinema;river;
I721;Ingles;guess;You walk your dog here;park|cinema|café;park;
I722;Ingles;test;Choose place;countryside|pencil|apple;countryside;
I723;Ingles;pronunciar;Say the word;countryside;;countryside;
I724;Ingles;pronunciar;Say the word;restaurant;;restaurant;
I725;Ingles;hablar;Answer;Do you go to school on Monday?;;Yes, I do;
I726;Ingles;hablar;Answer;Do you swim on Saturday?;;Yes, I do;
I727;Ingles;escribir;Write the country;;UK;
I728;Ingles;escribir;Write the city;;London;
I729;Ingles;escribir;Write the street;;Green Street;
I730;Ingles;verdadero_falso;UK is in Europe;Verdadero|Falso;Verdadero;
I731;Ingles;test;Choose correct address;17 Green Street, London, UK|London Green 17|UK 17 Street;17 Green Street, London, UK;
I732;Ingles;test;Choose sentence;He doesn’t read comics|He don’t read comics|He no read comics;He doesn’t read comics;
I733;Ingles;test;Choose sentence;She plays board games|She play board games|She playing board games;She plays board games;
I734;Ingles;verdadero_falso;Does is used in questions;Verdadero|Falso;Verdadero;
I735;Ingles;test;Does he play games?;Yes|No;Yes;
I736;Ingles;test;Does she go to the cinema?;Yes|No;No;
I737;Ingles;ordenar;Order the sentence;She|doesn’t|like|comics;She|doesn’t|like|comics;
I738;Ingles;ordenar;Order the sentence;He|plays|football;He|plays|football;
I739;Ingles;test;Choose feeling;happy|sad|afraid;happy;
I740;Ingles;verdadero_falso;Happy is a feeling;Verdadero|Falso;Verdadero;
I741;Ingles;test;What place is in nature?;mountain|cinema|restaurant;mountain;
I742;Ingles;test;Where do you see trees?;forest|café|cinema;forest;
I743;Ingles;cual_no_encaja;Which is NOT a place?;river|mountain|banana;banana;
I744;Ingles;test;Where do you swim?;swimming pool|cinema|forest;swimming pool;
I745;Ingles;verdadero_falso;A cinema is for films;Verdadero|Falso;Verdadero;
I746;Ingles;verdadero_falso;You eat in the forest;Verdadero|Falso;Falso;
I747;Ingles;ordenar;Order the sentence;There|is|a|river;There|is|a|river;
I748;Ingles;ordenar;Order the sentence;There|are|two|cinemas;There|are|two|cinemas;
I749;Ingles;completar;There ___ a mountain;is|are;is;
I750;Ingles;completar;There ___ three restaurants;is|are;are;
I751;Ingles;test;He ___ play chess;does|doesn’t;does;
I752;Ingles;test;She ___ read comics;does|doesn’t;does;
I753;Ingles;test;Choose correct;He ___ plays games;does|do;does;
I754;Ingles;test;Choose correct;I ___ play games;do|does;do;
I755;Ingles;verdadero_falso;She plays is correct;Verdadero|Falso;Verdadero;
I756;Ingles;verdadero_falso;He play is correct;Verdadero|Falso;Falso;
I757;Ingles;ordenar;Order the sentence;He|plays|games;He|plays|games;
I758;Ingles;ordenar;Order the sentence;She|doesn’t|play;She|doesn’t|play;
I759;Ingles;test;Does he play games?;Yes|No;Yes;
I760;Ingles;test;Does she swim?;Yes|No;No;
I761;Ingles;test;Does he go to the café?;Yes|No;Yes;
I762;Ingles;verdadero_falso;Questions use does;Verdadero|Falso;Verdadero;
I763;Ingles;listening;Listen and choose;cinema|forest|river;forest;
I764;Ingles;listening;Listen and choose;play|plays;plays;
I765;Ingles;guess;You eat lunch here;restaurant|mountain|forest;restaurant;
I766;Ingles;guess;You watch films here;cinema|café|pool;cinema;
I767;Ingles;test;Which word has ee?;see|bread|head;see;
I768;Ingles;test;Which word has ea?;seat|tree|green;seat;
I769;Ingles;test;Read has sound…;ea|ee;ea;
I770;Ingles;clasificar;Classify the words;;ee:see,green|ea:read,seat;
I771;Ingles;test;Afraid means…;asustado|feliz|alto;asustado;
I772;Ingles;test;Sad means…;triste|rápido|lento;triste;
I773;Ingles;verdadero_falso;Afraid is a feeling;Verdadero|Falso;Verdadero;
I774;Ingles;test;Choose feeling;afraid|eat|jump;afraid;
I775;Ingles;test;Choose activity;read a comic|read a shoe|read a tree;read a comic;
I776;Ingles;test;Choose activity;climb a tree|climb a book|climb a desk;climb a tree;
I777;Ingles;test;Choose activity;do a puzzle|do a house|do a dog;do a puzzle;
I778;Ingles;test;Choose activity;play a board game|play a chair|play a wall;play a board game;
I779;Ingles;test;Choose activity;walk the dog|walk the car|walk the pencil;walk the dog;
I780;Ingles;ordenar;Order the sentence;I|walk|the|dog;I|walk|the|dog;
I781;Ingles;ordenar;Order the sentence;She|plays|games;She|plays|games;
I782;Ingles;completar;He ___ plays on Monday;doesn’t|don’t;doesn’t;
I783;Ingles;completar;She ___ runs fast;does|do;does;
I784;Ingles;test;On Saturday I go to…;the pool|school|English;the pool;
I785;Ingles;test;On Monday I have…;English|cinema|park;English;
I786;Ingles;verdadero_falso;Monday is weekday;Verdadero|Falso;Verdadero;
I787;Ingles;verdadero_falso;Sunday is weekday;Verdadero|Falso;Falso;
I788;Ingles;test;What day is after Sunday?;Monday|Friday|Saturday;Monday;
I789;Ingles;test;What day is before Friday?;Thursday|Sunday|Monday;Thursday;
I790;Ingles;test;What are those?;cats|run|play;cats;
I791;Ingles;verdadero_falso;Those means many;Verdadero|Falso;Verdadero;
I792;Ingles;test;What are they from?;Spain|eat|run;Spain;
I793;Ingles;test;What are there?;Two cafés|Run fast|Play games;Two cafés;
I794;Ingles;arrastrar;Drag places;cinema|forest|restaurant;restaurant;
I795;Ingles;escribir;Write the number;;17;
I796;Ingles;escribir;Write the street;;Green Street;
I797;Ingles;escribir;Write the city;;London;
I798;Ingles;escribir;Write the country;;UK;
I799;Ingles;test;Choose correct address;17 Green Street|Street Green 17|Green 17;17 Green Street;
I800;Ingles;verdadero_falso;Addresses have street name;Verdadero|Falso;Verdadero;
I801;Ingles;pronunciar;Say the word;cinema;;cinema;
I802;Ingles;pronunciar;Say the word;forest;;forest;
I803;Ingles;pronunciar;Say the word;river;;river;
I804;Ingles;hablar;Answer;Do you read comics?;;Yes, I do;
I805;Ingles;hablar;Answer;Do you like games?;;Yes, I do;
I806;Ingles;listening;Listen and choose;does|doesn’t;doesn’t;
I807;Ingles;listening;Listen and choose;run|runs;runs;
I808;Ingles;guess;He doesn’t play games;play|doesn’t play;doesn’t play;
I809;Ingles;guess;She runs fast;run|runs;runs;
I810;Ingles;test;Choose correct;He ___ read books;doesn’t|don’t;doesn’t;
I811;Ingles;test;Choose correct;I ___ like games;don’t|doesn’t;don’t;
I812;Ingles;verdadero_falso;She doesn’t play is correct;Verdadero|Falso;Verdadero;
I813;Ingles;verdadero_falso;He don’t play is correct;Verdadero|Falso;Falso;
I814;Ingles;test;Where do you eat lunch?;restaurant|river|forest;restaurant;
I815;Ingles;test;Where do you see films?;cinema|café|mountain;cinema;
I816;Ingles;ordenar;Order the sentence;There|is|a|restaurant;There|is|a|restaurant;
I817;Ingles;ordenar;Order the sentence;There|are|two|cafés;There|are|two|cafés;
I818;Ingles;completar;There ___ a cinema;is|are;is;
I819;Ingles;completar;There ___ three forests;is|are;are;
I820;Ingles;test;Choose ee word;green|bread|head;green;
I821;Ingles;test;Choose ea word;read|see|tree;read;
I822;Ingles;listening;Listen and choose;afraid|sad|happy;happy;
I823;Ingles;guess;She is happy;happy|sad;happy;
I824;Ingles;test;Choose feeling;happy|run|eat;happy;
I825;Ingles;test;Choose activity;go to the playground|go to the bag|go to the pen;go to the playground;
I826;Ingles;test;Choose activity;walk the dog|walk the chair|walk the wall;walk the dog;
I827;Ingles;ordenar;Order the sentence;He|doesn’t|read|comics;He|doesn’t|read|comics;
I828;Ingles;ordenar;Order the sentence;She|plays|football;She|plays|football;
I829;Ingles;verdadero_falso;Football is a game;Verdadero|Falso;Verdadero;
I830;Ingles;test;Does he play football?;Yes|No;Yes;
I831;Ingles;test;Does she go to the cinema?;Yes|No;No;
I832;Ingles;listening;Listen and choose;Monday|Saturday|Sunday;Sunday;
I833;Ingles;test;Sunday is…;weekend|weekday|month;weekend;
I834;Ingles;test;Tuesday is…;weekday|weekend|holiday;weekday;
I835;Ingles;verdadero_falso;Tuesday is weekend;Verdadero|Falso;Falso;
I836;Ingles;test;Choose plural question;What are those?|What is that?|What are this?;What are those?;
I837;Ingles;test;Choose correct;Those ___ cats;are|is;are;
I838;Ingles;test;Choose correct;There ___ cats;are|is;are;
I839;Ingles;test;Choose correct;There ___ a café;is|are;is;
I840;Ingles;listening;Listen and choose;café|cinema|forest;café;
I841;Ingles;guess;You drink coffee here;café|cinema|forest;café;
I842;Ingles;test;Choose place;restaurant|pencil|apple;restaurant;
I843;Ingles;pronunciar;Say the word;restaurant;;restaurant;
I844;Ingles;pronunciar;Say the word;café;;café;
I845;Ingles;hablar;Answer;Do you go to the pool?;;Yes, I do;
I846;Ingles;hablar;Answer;Do you like football?;;Yes, I do;
I847;Ingles;escribir;Write the country;;UK;
I848;Ingles;escribir;Write the city;;London;
I849;Ingles;escribir;Write the street;;Green Street;
I850;Ingles;verdadero_falso;London is a city;Verdadero|Falso;Verdadero;
I851;Ingles;test;Choose correct address;17 Green Street, London, UK|Green Street 17 UK|London 17 Street;17 Green Street, London, UK;
I852;Ingles;test;Choose sentence;He doesn’t play games|He don’t play games|He no play games;He doesn’t play games;
I853;Ingles;test;Choose sentence;She plays games|She play games|She playing games;She plays games;
I854;Ingles;verdadero_falso;Does goes with he/she;Verdadero|Falso;Verdadero;
I855;Ingles;test;Does he read comics?;Yes|No;Yes;
I856;Ingles;test;Does she swim?;Yes|No;No;
I857;Ingles;ordenar;Order the sentence;She|doesn’t|like|games;She|doesn’t|like|games;
I858;Ingles;ordenar;Order the sentence;He|plays|games;He|plays|games;
I859;Ingles;test;Choose feeling;afraid|sad|happy;sad;
I860;Ingles;verdadero_falso;Sad is a feeling;Verdadero|Falso;Verdadero;
I861;Ingles;test;What can you see in the countryside?;forest|cinema|café;forest;
I862;Ingles;test;Where do you drink coffee?;café|river|mountain;café;
I863;Ingles;cual_no_encaja;Which is NOT a place?;cinema|restaurant|pencil;pencil;
I864;Ingles;verdadero_falso;A sports centre is for sports;Verdadero|Falso;Verdadero;
I865;Ingles;verdadero_falso;You swim in a river at the cinema;Verdadero|Falso;Falso;
I866;Ingles;ordenar;Order the sentence;There|is|a|sports|centre;There|is|a|sports|centre;
I867;Ingles;ordenar;Order the sentence;There|are|two|restaurants;There|are|two|restaurants;
I868;Ingles;completar;There ___ a swimming pool;is|are;is;
I869;Ingles;completar;There ___ three cafés;is|are;are;
I870;Ingles;test;He ___ play tennis;does|doesn’t;doesn’t;
I871;Ingles;test;She ___ plays chess;does|do;does;
I872;Ingles;verdadero_falso;She plays is present simple;Verdadero|Falso;Verdadero;
I873;Ingles;ordenar;Order the sentence;He|doesn’t|swim;He|doesn’t|swim;
I874;Ingles;ordenar;Order the sentence;I|play|football;I|play|football;
I875;Ingles;test;Does he go to the pool?;Yes|No;Yes;
I876;Ingles;test;Does she read comics?;Yes|No;Yes;
I877;Ingles;verdadero_falso;Does is used with he/she;Verdadero|Falso;Verdadero;
I878;Ingles;listening;Listen and choose;pool|cinema|forest;pool;
I879;Ingles;listening;Listen and choose;play|plays;play;
I880;Ingles;guess;You play sports here;sports centre|cinema|café;sports centre;
I881;Ingles;guess;You eat lunch here;restaurant|river|mountain;restaurant;
I882;Ingles;test;Which word has ee?;see|bread|head;see;
I883;Ingles;test;Which word has ea?;read|green|tree;read;
I884;Ingles;clasificar;Classify the words;;ee:see,green|ea:read,seat;
I885;Ingles;test;Choose the feeling;afraid|run|eat;afraid;
I886;Ingles;test;Sad means…;triste|feliz|alto;triste;
I887;Ingles;verdadero_falso;Happy is a feeling;Verdadero|Falso;Verdadero;
I888;Ingles;test;Choose activity;read a comic|read a car|read a tree;read a comic;
I889;Ingles;test;Choose activity;climb a tree|climb a desk|climb a shoe;climb a tree;
I890;Ingles;test;Choose activity;do a puzzle|do a wall|do a pen;do a puzzle;
I891;Ingles;test;Choose activity;play a board game|play a window|play a book;play a board game;
I892;Ingles;test;Choose activity;walk the dog|walk the chair|walk the house;walk the dog;
I893;Ingles;ordenar;Order the sentence;She|walks|the|dog;She|walks|the|dog;
I894;Ingles;completar;He ___ plays on Saturday;doesn’t|don’t;doesn’t;
I895;Ingles;completar;She ___ runs fast;does|do;does;
I896;Ingles;test;On Saturday I go to…;the pool|school|English;the pool;
I897;Ingles;test;On Monday I have…;English|cinema|park;English;
I898;Ingles;verdadero_falso;Saturday is weekend;Verdadero|Falso;Verdadero;
I899;Ingles;test;What day is after Tuesday?;Wednesday|Monday|Friday;Wednesday;
I900;Ingles;test;What day is before Monday?;Sunday|Tuesday|Friday;Sunday;
I901;Ingles;test;What are those?;books|run|play;books;
I902;Ingles;verdadero_falso;Those is plural;Verdadero|Falso;Verdadero;
I903;Ingles;test;What are they from?;UK|eat|run;UK;
I904;Ingles;test;What are there?;Two pools|Run fast|Play games;Two pools;
I905;Ingles;arrastrar;Drag places;cinema|pool|forest;pool;
I906;Ingles;escribir;Write the address number;;17;
I907;Ingles;escribir;Write the street;;Green Street;
I908;Ingles;escribir;Write the city;;London;
I909;Ingles;escribir;Write the country;;UK;
I910;Ingles;test;Choose correct address;17 Green Street|Green 17 Street|Street 17 Green;17 Green Street;
I911;Ingles;verdadero_falso;An address has number and street;Verdadero|Falso;Verdadero;
I912;Ingles;pronunciar;Say the word;swimming pool;;swimming pool;
I913;Ingles;pronunciar;Say the word;sports centre;;sports centre;
I914;Ingles;hablar;Answer;Do you play sports?;;Yes, I do;
I915;Ingles;hablar;Answer;Do you like swimming?;;Yes, I do;
I916;Ingles;listening;Listen and choose;does|doesn’t;does;
I917;Ingles;listening;Listen and choose;run|runs;run;
I918;Ingles;guess;He plays tennis;plays|play;plays;
I919;Ingles;guess;She doesn’t swim;swim|doesn’t swim;doesn’t swim;
I920;Ingles;test;Choose correct;He ___ read comics;doesn’t|don’t;doesn’t;
I921;Ingles;test;Choose correct;I ___ like puzzles;don’t|doesn’t;don’t;
I922;Ingles;verdadero_falso;I don’t play is correct;Verdadero|Falso;Verdadero;
I923;Ingles;test;Where do you watch films?;cinema|forest|pool;cinema;
I924;Ingles;ordenar;Order the sentence;There|is|a|cinema;There|is|a|cinema;
I925;Ingles;ordenar;Order the sentence;There|are|three|pools;There|are|three|pools;
I926;Ingles;completar;There ___ a café;is|are;is;
I927;Ingles;completar;There ___ two rivers;is|are;are;
I928;Ingles;test;Choose ee word;green|bread|head;green;
I929;Ingles;test;Choose ea word;seat|see|tree;seat;
I930;Ingles;listening;Listen and choose;happy|sad|afraid;happy;
I931;Ingles;guess;She is sad;happy|sad;sad;
I932;Ingles;test;Choose feeling;afraid|eat|jump;afraid;
I933;Ingles;test;Choose activity;go to the playground|go to the pen|go to the bag;go to the playground;
I934;Ingles;ordenar;Order the sentence;He|doesn’t|like|comics;He|doesn’t|like|comics;
I935;Ingles;verdadero_falso;Playground is for playing;Verdadero|Falso;Verdadero;
I936;Ingles;test;Does he read comics?;Yes|No;No;
I937;Ingles;test;Does she go to the café?;Yes|No;Yes;
I938;Ingles;listening;Listen and choose;Saturday|Monday|Tuesday;Saturday;
I939;Ingles;test;Saturday is a…;weekend|weekday|month;weekend;
I940;Ingles;test;Thursday is a…;weekday|weekend|holiday;weekday;
I941;Ingles;verdadero_falso;Thursday is weekend;Verdadero|Falso;Falso;
I942;Ingles;test;Choose plural question;What are those?|What is that?|What are this?;What are those?;
I943;Ingles;test;Choose correct;Those ___ books;are|is;are;
I944;Ingles;test;Choose correct;There ___ books;are|is;are;
I945;Ingles;listening;Listen and choose;restaurant|cinema|café;café;
I946;Ingles;guess;You drink coffee here;café|cinema|forest;café;
I947;Ingles;pronunciar;Say the word;restaurant;;restaurant;
I948;Ingles;hablar;Answer;Do you go to the cinema?;;Yes, I do;
I949;Ingles;escribir;Write the country;;UK;
I950;Ingles;verdadero_falso;UK is a country;Verdadero|Falso;Verdadero;
I951;Ingles;test;Choose correct address;17 Green Street, London, UK|London 17 Green|UK Street 17;17 Green Street, London, UK;
I952;Ingles;test;Choose sentence;He doesn’t play football|He don’t play football|He no play football;He doesn’t play football;
I953;Ingles;test;Choose sentence;She plays football|She play football|She playing football;She plays football;
I954;Ingles;verdadero_falso;Does is used in questions;Verdadero|Falso;Verdadero;
I955;Ingles;test;Does he swim?;Yes|No;No;
I956;Ingles;test;Does she run?;Yes|No;Yes;
I957;Ingles;ordenar;Order the sentence;She|doesn’t|run;She|doesn’t|run;
I958;Ingles;ordenar;Order the sentence;He|plays|tennis;He|plays|tennis;
I959;Ingles;test;Choose feeling;happy|sad|afraid;afraid;
I960;Ingles;verdadero_falso;Afraid is a feeling;Verdadero|Falso;Verdadero;
I961;Ingles;test;What place has water?;river|cinema|café;river;
I962;Ingles;guess;You see nature here;forest|cinema|café;forest;
I963;Ingles;listening;Listen and choose;forest|river|cinema;river;
I964;Ingles;test;Choose place;mountain|pencil|apple;mountain;
I965;Ingles;pronunciar;Say the word;mountain;;mountain;
I966;Ingles;hablar;Answer;Do you like the playground?;;Yes, I do;
I967;Ingles;escribir;Write the city;;London;
I968;Ingles;verdadero_falso;London is in the UK;Verdadero|Falso;Verdadero;
I969;Ingles;test;Choose correct;There ___ a tower;is|are;is;
I970;Ingles;test;Choose correct;There ___ two towers;is|are;are;
I971;Ingles;listening;Listen and choose;tower|pool|forest;tower;
I972;Ingles;guess;You climb here;mountain|cinema|café;mountain;
I973;Ingles;test;Choose activity;climb a tree|climb a book|climb a bag;climb a tree;
I974;Ingles;verdadero_falso;Climb a tree is an activity;Verdadero|Falso;Verdadero;
I975;Ingles;test;Does he like comics?;Yes|No;No;
I976;Ingles;test;Does she play board games?;Yes|No;Yes;
I977;Ingles;ordenar;Order the sentence;I|don’t|like|comics;I|don’t|like|comics;
I978;Ingles;ordenar;Order the sentence;She|plays|board|games;She|plays|board|games;
I979;Ingles;test;Choose feeling;happy|sad|afraid;happy;
I980;Ingles;verdadero_falso;Happy is a feeling;Verdadero|Falso;Verdadero;
I981;Ingles;test;What place is in nature?;forest|cinema|café;forest;
I982;Ingles;test;Where do you watch films?;cinema|river|mountain;cinema;
I983;Ingles;cual_no_encaja;Which is NOT a place?;restaurant|forest|book;book;
I984;Ingles;verdadero_falso;A café is for drinking;Verdadero|Falso;Verdadero;
I985;Ingles;verdadero_falso;You swim in a restaurant;Verdadero|Falso;Falso;
I986;Ingles;ordenar;Order the sentence;There|is|a|café;There|is|a|café;
I987;Ingles;ordenar;Order the sentence;There|are|two|cinemas;There|are|two|cinemas;
I988;Ingles;completar;There ___ a forest;is|are;is;
I989;Ingles;completar;There ___ three rivers;is|are;are;
I990;Ingles;test;He ___ play football;does|doesn’t;does;
I991;Ingles;test;She ___ play tennis;does|doesn’t;doesn’t;
I992;Ingles;verdadero_falso;He plays is correct;Verdadero|Falso;Verdadero;
I993;Ingles;ordenar;Order the sentence;He|doesn’t|play;He|doesn’t|play;
I994;Ingles;ordenar;Order the sentence;I|play|games;I|play|games;
I995;Ingles;test;Does he play football?;Yes|No;Yes;
I996;Ingles;test;Does she swim?;Yes|No;No;
I997;Ingles;verdadero_falso;Does is used with he/she;Verdadero|Falso;Verdadero;
I998;Ingles;listening;Listen and choose;cinema|forest|river;river;
I999;Ingles;listening;Listen and choose;play|plays;plays;
I1000;Ingles;guess;You eat lunch here;restaurant|forest|mountain;restaurant;
I1001;Ingles;guess;You drink coffee here;café|cinema|forest;café;
I1002;Ingles;test;Which word has ee?;see|bread|head;see;
I1003;Ingles;test;Which word has ea?;read|green|tree;read;
I1004;Ingles;clasificar;Classify the words;;ee:see,green|ea:read,seat;
I1005;Ingles;test;Afraid means…;asustado|feliz|alto;asustado;
I1006;Ingles;test;Sad means…;triste|rápido|grande;triste;
I1007;Ingles;verdadero_falso;Sad is a feeling;Verdadero|Falso;Verdadero;
I1008;Ingles;test;Choose activity;read a comic|read a car|read a tree;read a comic;
I1009;Ingles;test;Choose activity;climb a tree|climb a book|climb a desk;climb a tree;
I1010;Ingles;test;Choose activity;do a puzzle|do a dog|do a wall;do a puzzle;
I1011;Ingles;test;Choose activity;play a board game|play a chair|play a bag;play a board game;
I1012;Ingles;test;Choose activity;walk the dog|walk the pen|walk the book;walk the dog;
I1013;Ingles;ordenar;Order the sentence;She|walks|the|dog;She|walks|the|dog;
I1014;Ingles;completar;He ___ plays on Sunday;doesn’t|don’t;doesn’t;
I1015;Ingles;completar;She ___ runs fast;does|do;does;
I1016;Ingles;test;On Saturday I go to…;the pool|school|English;the pool;
I1017;Ingles;test;On Monday I have…;English|cinema|park;English;
I1018;Ingles;verdadero_falso;Saturday is weekend;Verdadero|Falso;Verdadero;
I1019;Ingles;test;What day is after Wednesday?;Thursday|Monday|Sunday;Thursday;
I1020;Ingles;test;What day is before Tuesday?;Monday|Friday|Sunday;Monday;
I1021;Ingles;test;What are those?;dogs|run|play;dogs;
I1022;Ingles;verdadero_falso;Those is plural;Verdadero|Falso;Verdadero;
I1023;Ingles;test;What are they from?;UK|eat|run;UK;
I1024;Ingles;test;What are there?;Two cafés|Run fast|Play games;Two cafés;
I1025;Ingles;arrastrar;Drag places;cinema|forest|café;café;
I1026;Ingles;escribir;Write the address number;;17;
I1027;Ingles;escribir;Write the street;;Green Street;
I1028;Ingles;escribir;Write the city;;London;
I1029;Ingles;escribir;Write the country;;UK;
I1030;Ingles;test;Choose correct address;17 Green Street|Green 17 Street|Street Green 17;17 Green Street;
I1031;Ingles;verdadero_falso;An address has city and country;Verdadero|Falso;Verdadero;
I1032;Ingles;pronunciar;Say the word;forest;;forest;
I1033;Ingles;pronunciar;Say the word;river;;river;
I1034;Ingles;pronunciar;Say the word;cinema;;cinema;
I1035;Ingles;hablar;Answer;Do you like comics?;;Yes, I do;
I1036;Ingles;hablar;Answer;Do you play games?;;Yes, I do;
I1037;Ingles;listening;Listen and choose;does|doesn’t;doesn’t;
I1038;Ingles;listening;Listen and choose;run|runs;runs;
I1039;Ingles;guess;He doesn’t play football;play|doesn’t play;doesn’t play;
I1040;Ingles;guess;She runs fast;run|runs;runs;
I1041;Ingles;test;Choose correct;He ___ read comics;doesn’t|don’t;doesn’t;
I1042;Ingles;test;Choose correct;I ___ like puzzles;don’t|doesn’t;don’t;
I1043;Ingles;verdadero_falso;I don’t play is correct;Verdadero|Falso;Verdadero;
I1044;Ingles;test;Where do you swim?;pool|cinema|forest;pool;
I1045;Ingles;ordenar;Order the sentence;There|is|a|pool;There|is|a|pool;
I1046;Ingles;ordenar;Order the sentence;There|are|three|cafés;There|are|three|cafés;
I1047;Ingles;completar;There ___ a tower;is|are;is;
I1048;Ingles;completar;There ___ two towers;is|are;are;
I1049;Ingles;test;Choose ee word;green|bread|head;green;
I1050;Ingles;test;Choose ea word;seat|see|tree;seat;
I1051;Ingles;listening;Listen and choose;happy|sad|afraid;afraid;
I1052;Ingles;guess;She is happy;happy|sad;happy;
I1053;Ingles;test;Choose feeling;happy|run|eat;happy;
I1054;Ingles;test;Choose activity;go to the playground|go to the bag|go to the pen;go to the playground;
I1055;Ingles;ordenar;Order the sentence;He|doesn’t|like|comics;He|doesn’t|like|comics;
I1056;Ingles;verdadero_falso;Playground is for playing;Verdadero|Falso;Verdadero;
I1057;Ingles;test;Does he read comics?;Yes|No;No;
I1058;Ingles;test;Does she go to the cinema?;Yes|No;Yes;
I1059;Ingles;listening;Listen and choose;Saturday|Monday|Tuesday;Monday;
I1060;Ingles;test;Monday is a…;weekday|weekend|month;weekday;
I1061;Ingles;test;Sunday is a…;weekend|weekday|holiday;weekend;
I1062;Ingles;verdadero_falso;Sunday is school day;Verdadero|Falso;Falso;
I1063;Ingles;test;Choose plural question;What are those?|What is that?|What are this?;What are those?;
I1064;Ingles;test;Choose correct;Those ___ cats;are|is;are;
I1065;Ingles;test;Choose correct;There ___ cats;are|is;are;
I1066;Ingles;listening;Listen and choose;café|cinema|forest;cinema;
I1067;Ingles;guess;You see films here;cinema|café|forest;cinema;
I1068;Ingles;pronunciar;Say the word;restaurant;;restaurant;
I1069;Ingles;hablar;Answer;Do you go to the pool?;;Yes, I do;
I1070;Ingles;escribir;Write the city;;London;
I1071;Ingles;verdadero_falso;London is in the UK;Verdadero|Falso;Verdadero;
I1072;Ingles;test;Choose correct address;17 Green Street, London, UK|London Green 17|UK Street 17;17 Green Street, London, UK;
I1073;Ingles;test;Choose sentence;He doesn’t read comics|He don’t read comics|He no read comics;He doesn’t read comics;
I1074;Ingles;test;Choose sentence;She plays board games|She play board games|She playing board games;She plays board games;
I1075;Ingles;verdadero_falso;Does is used in questions;Verdadero|Falso;Verdadero;
I1076;Ingles;test;Does he swim?;Yes|No;No;
I1077;Ingles;test;Does she run?;Yes|No;Yes;
I1078;Ingles;ordenar;Order the sentence;She|doesn’t|run;She|doesn’t|run;
I1079;Ingles;ordenar;Order the sentence;He|plays|tennis;He|plays|tennis;
I1080;Ingles;test;Choose feeling;afraid|sad|happy;afraid;
I1081;Ingles;verdadero_falso;Afraid is a feeling;Verdadero|Falso;Verdadero;
I1082;Ingles;test;What place has water?;river|cinema|café;river;
I1083;Ingles;guess;You see nature here;forest|cinema|café;forest;
I1084;Ingles;listening;Listen and choose;forest|river|cinema;forest;
I1085;Ingles;test;Choose place;mountain|pencil|apple;mountain;
I1086;Ingles;pronunciar;Say the word;mountain;;mountain;
I1087;Ingles;hablar;Answer;Do you like the playground?;;Yes, I do;
I1088;Ingles;escribir;Write the country;;UK;
I1089;Ingles;verdadero_falso;UK is in Europe;Verdadero|Falso;Verdadero;
I1090;Ingles;test;Choose correct;There ___ a river;is|are;is;
I1091;Ingles;test;Choose correct;There ___ two rivers;is|are;are;
I1092;Ingles;listening;Listen and choose;river|pool|forest;pool;
I1093;Ingles;guess;You swim here;pool|cinema|forest;pool;
I1094;Ingles;test;Choose activity;walk the dog|walk the chair|walk the wall;walk the dog;
I1095;Ingles;verdadero_falso;Walk the dog is an activity;Verdadero|Falso;Verdadero;
I1096;Ingles;test;Does he like comics?;Yes|No;Yes;
I1097;Ingles;test;Does she play games?;Yes|No;Yes;
I1098;Ingles;ordenar;Order the sentence;I|don’t|like|comics;I|don’t|like|comics;
I1099;Ingles;ordenar;Order the sentence;She|plays|games;She|plays|games;
I1100;Ingles;verdadero_falso;Happy is a feeling;Verdadero|Falso;Verdadero;
